"genre_id","name","color","year_start","year_end","summary","sources"
"ancient","Ancient mound builders","#957391","-1700","1500","No music survives from Louisiana's mound-building cultures, and no instrument has been securely identified at Poverty Point. Archaeologists infer ceremony from plazas, platform mounds and feasting pits. The clearest hints of sound-making are pebble clusters in Marksville-era burials at the Crooks site, which were probably rattles, and a Caddo effigy pipe from Gahagan showing a frog holding a ceremonial rattle.","64 Parishes, Poverty Point <https://64parishes.org/entry/poverty-point> | UNESCO World Heritage Centre, Monumental Earthworks of Poverty Point <https://whc.unesco.org/en/list/1435> | 64 Parishes, Marksville Culture <https://64parishes.org/entry/marksville-culture> | 64 Parishes, Troyville Culture <https://64parishes.org/entry/troyville-culture> | 64 Parishes, Caddo Culture <https://64parishes.org/entry/caddo-culture>"
"native","Native nations","#ab4235","1500","","The songs and dances of Louisiana's Native nations are far older than the documented period that begins here, and they continue today. Caddo people keep the Turkey Dance and Drum Dance; Tunica-Biloxi singers have brought back songs in Tunica and Biloxi; Coushatta, Choctaw and Houma communities sing, drum and dance at home and at powwows. Many sacred songs, Chitimacha ones among them, are kept within the tribes.","Louisiana Folklife Program, H.F. Gregory, A Promise From the Sun <https://www.louisianafolklife.org/lt/virtual_books/Guide_to_state/gregory.html> | Louisiana Folklife Program, Louisiana Indians in the 21st Century <https://www.louisianafolklife.org/lt/articles_essays/nativeams.html> | 64 Parishes, Caddo Nation <https://64parishes.org/entry/caddo-nation> | Tunica-Biloxi Tribe of Louisiana, History <https://www.tunicabiloxi.org/history/> | Nicholls State University, Garde Voir Ci, The Musical Backdrop <https://gardevoirci.nicholls.edu/2021/music/>"
"colonial","Colonial French and Spanish","#7792ee","1725","1803","European art and church music took root in New Orleans soon after its founding. In 1725 a Capuchin school opened and the parish church hired a musician and schoolmaster; the Ursuline nuns, who arrived in 1727, taught music and in 1754 received a manuscript of French and Italian works. The Theatre St. Pierre opened in 1792 and staged the city's first known opera in 1796.","64 Parishes, Classical Music in Louisiana <https://64parishes.org/entry/classical-music-in-louisiana> | 64 Parishes, Opera and Ballet <https://64parishes.org/entry/opera-and-ballet>"
"congo","Congo Square traditions","#dfa635","1724","1856","The 1724 Code Noir made Sunday a day without work, and enslaved Africans gathered where they could to drum, sing and dance. An 1817 ordinance confined those gatherings to the square behind the city that became known as Congo Square, where the bamboula, calinda and other dances drew crowds until officials restricted and then suppressed them between the 1830s and 1850s. Their rhythms carried into second lines, Mardi Gras Indian music and jazz.","64 Parishes, Congo Square <https://64parishes.org/entry/congo-square> | 64 Parishes, Congo Square: La Place Publique <https://64parishes.org/congo-square-la-place-publique> | New Orleans Historical, Congo Square: Mythology and Music <https://neworleanshistorical.org/items/show/745>"
"creole","Creole and la-la","#d4a2a8","1867","","French-speaking Black Creoles made their own music long before it was recorded; seven Louisiana Creole songs, a calinda among them, reached print in 1867. On the southwest prairies it became la-la, the fiddle and accordion music of house dances, alongside unaccompanied jure shouts, first recorded near Jennings in 1934. Amede Ardoin's recording sessions of 1929 to 1934 shaped both Creole and Cajun playing, and families such as the Carrieres of Lawtell and the Ardoins of Duralde carried la-la forward.","Allen, Ware and Garrison, Slave Songs of the United States (1867), Documenting the American South <https://docsouth.unc.edu/church/allen/allen.html> | 64 Parishes, Zydeco <https://64parishes.org/entry/zydeco-music> | 64 Parishes, Amede Ardoin <https://64parishes.org/entry/amede-ardoin> | Louisiana Folklife Program, Barry Ancelet, Cajun and Zydeco Music Traditions <https://www.louisianafolklife.org/lt/articles_essays/cajunzydeco.html> | Louisiana Folklife Program, Barry Jean Ancelet, Lomax in Louisiana: Trials and Triumph <https://www.louisianafolklife.org/LT/Articles_Essays/LFMlomax.html> | Texas State Historical Association, Handbook of Texas, Zydeco <https://www.tshaonline.org/handbook/entries/zydeco> | 64 Parishes, Bois Sec Ardoin <https://64parishes.org/entry/bois-sec-ardoin> | Louisiana Folklife Program, Nicholas Spitzer, The Creole State <https://www.louisianafolklife.org/lt/articles_essays/creole_art_creole_state.html> | Country Roads Magazine, The World of Louisiana Zydeco <https://countryroadsmagazine.com/art-and-culture/music/the-world-of-louisiana-zydeco/>"
"cajun","Cajun","#4e943e","1765","","Acadian exiles who settled the Attakapas country and the Mississippi and Lafourche banks from 1765 brought French songs and fiddle dance tunes. Mixed with French Creole, Black Creole, Native and Spanish influences, these became recognizable Cajun music by the early twentieth century. First recorded in 1928, it lost ground to western swing before the accordion returned after World War II, and a wider revival followed the 1964 Newport Folk Festival.","Louisiana Folklife Program, Barry Ancelet, Cajun and Zydeco Music Traditions <https://www.louisianafolklife.org/lt/articles_essays/cajunzydeco.html> | 64 Parishes, Cajun Music <https://64parishes.org/entry/cajun-music> | Acadian Memorial, Carl Brasseaux, Acadian Immigration Into South Louisiana 1764-1785 <https://acadianmemorial.org/acadian-immigration-into-south-louisiana-1764-1785/> | 64 Parishes, Cajuns <https://64parishes.org/entry/cajuns>"
"zydeco","Zydeco","#ae2c77","1949","","Zydeco grew in the late 1940s when Black Creole musicians in southwest Louisiana and the Texas oil towns added blues and rhythm and blues to la-la, driving it with accordion and the metal frottoir. Clarence Garlow's 1949 record Bon Ton Roula was an early marker, and Clifton Chenier, who signed with Specialty Records in 1955, defined the sound. Dance halls around Opelousas, Lawtell and Lafayette remain its home.","64 Parishes, Zydeco <https://64parishes.org/entry/zydeco-music> | Texas State Historical Association, Handbook of Texas, Zydeco <https://www.tshaonline.org/handbook/entries/zydeco> | Louisiana Folklife Program, Ben Sandmel, The Treasured Traditions of Louisiana Music <https://www.louisianafolklife.org/LT/Articles_Essays/treas_trad_la_music.html>"
"jazz","Jazz","#397be9","1895","","Jazz took shape in New Orleans when players such as cornetist Buddy Bolden, who formed his band in 1895, began improvising blues and quickening dance tunes, drawing on brass bands, ragtime and church music. Musicians carried it up the river and across the lake, and New Orleans bands were recorded from 1917. A revival beginning in the late 1930s led to Preservation Hall in 1961.","National Park Service, Jazz Origins in New Orleans <https://www.nps.gov/jazz/learn/historyculture/history_early.htm> | National Park Service, A New Orleans Jazz History 1895-1927 <https://www.nps.gov/jazz/learn/historyculture/jazz_history.htm> | 64 Parishes, Traditional New Orleans Jazz <https://64parishes.org/entry/traditional-new-orleans-jazz>"
"brass","Brass band and second line","#b49073","1880","","Brass bands were everywhere in nineteenth-century New Orleans, and in the decades after Emancipation Black bands such as the Excelsior and Onward, prominent by the 1880s, played funerals, parades and dances. Benevolent societies and social aid and pleasure clubs hired them, and the dancing crowd that followed became the second line. The Dirty Dozen and Rebirth renewed the tradition in the 1980s.","64 Parishes, Brass Bands of New Orleans <https://64parishes.org/entry/brass-bands-of-new-orleans> | National Park Service, Jazz Origins in New Orleans <https://www.nps.gov/jazz/learn/historyculture/history_early.htm> | Historic New Orleans Collection, How Brass Bands Became a New Orleans Tradition <https://hnoc.org/publishing/first-draft/how-brass-bands-became-new-orleans-tradition-picking-new-sounds-along-way> | 64 Parishes, Jazz Funerals and Second Line Parades <https://64parishes.org/entry/jazz-funerals-and-second-line-parades>"
"mardigras_indian","Mardi Gras Indians","#8b4a9a","1880","","Black New Orleanians have masked as Indians on Carnival day since at least the 1880s; Big Chief Tootie Montana traced the tradition to his great-uncle Becate Batiste, who founded the Creole Wild West around 1880. Their origins remain debated. The music is chant and song over percussion, first recorded commercially by Bo Dollis and the Wild Magnolias in 1971.","64 Parishes, Mardi Gras Indians <https://64parishes.org/entry/mardi-gras-indians> | 64 Parishes, Allison Tootie Montana <https://64parishes.org/entry/allison-tootie-montana>"
"blues","Blues","#025884","1890","","Blues emerged from work songs in the late nineteenth century, spreading as mail-order guitars became common in the 1890s. Lead Belly played Shreveport's Fannin Street as a teenager and was recorded at Angola in 1933. Rural players around Baton Rouge fed the laid-back swamp blues that Lightnin' Slim, Slim Harpo and others cut in Crowley from 1954, and Delta parishes kept an older country style.","Louisiana Folklife Program, Ben Sandmel, The Blues in Louisiana <https://www.louisianafolklife.org/LT/Articles_Essays/blues.html> | 64 Parishes, Blues Music <https://64parishes.org/entry/blues-music> | Louisiana Folklife Program, Joyce Jackson, Blues and Blacks in the Red Stick <https://www.louisianafolklife.org/LT/Articles_Essays/brblues1.html>"
"gospel","Gospel and spirituals","#7ba944","1850","","Black sacred song in Louisiana grew from antebellum spirituals and ring shouts, a lineage still visible in the Delta's Easter Rock, which participants remember as older than the Civil War. Jubilee and quartet singing followed, and New Orleans gave gospel Mahalia Jackson. White congregations in the Protestant north sang from shape-note books and at singing conventions, one of which drew about 10,000 people to Shreveport in 1937.","Louisiana Folklife Program, Gospel Music in Louisiana <https://www.louisianafolklife.org/lt/articles_essays/gospel_music_in_la.html> | Louisiana Folklife Program, Susan Roach, Continuity and Creativity in the Louisiana Delta Easter Rock <https://www.louisianafolklife.org/LT/Articles_Essays/easterrock.html> | 64 Parishes, Black Gospel Music <https://64parishes.org/entry/black-gospel-music> | 64 Parishes, White Gospel Music <https://64parishes.org/entry/white-gospel-music>"
"country","Country and the Hayride","#99533b","1925","","Country music grew from the ballads and fiddle tunes of Anglo-Celtic settlers in north Louisiana. The first Louisiana country record dates to 1925, and Shreveport's KWKH put string bands and Jimmie Davis on the air from 1928. From 1948 to 1960 the station's Louisiana Hayride, broadcast from Municipal Auditorium, launched Hank Williams, Elvis Presley and Johnny Cash and earned the name Cradle of the Stars.","64 Parishes, Country Music <https://64parishes.org/entry/country-music> | 64 Parishes, Louisiana Hayride <https://64parishes.org/entry/louisiana-hayride> | Louisiana Folklife Program, Ben Sandmel, The Treasured Traditions of Louisiana Music <https://www.louisianafolklife.org/LT/Articles_Essays/treas_trad_la_music.html>"
"rnb","R&B and early rock","#d64938","1947","","New Orleans rhythm and blues began with records cut at Cosimo Matassa's J&M studio, opened in 1947, where Roy Brown, Fats Domino, Lloyd Price and bandleader Dave Bartholomew built a rolling, horn-driven sound that fed directly into rock and roll. Between 1957 and 1961 Louisiana records placed about twenty-five singles a year on the national charts, before the British Invasion pushed the style aside.","64 Parishes, Rhythm and Blues Music <https://64parishes.org/entry/rhythm-and-blues-music> | Louisiana Folklife Program, Ben Sandmel, The Treasured Traditions of Louisiana Music <https://www.louisianafolklife.org/LT/Articles_Essays/treas_trad_la_music.html>"
"swamp_pop","Swamp pop","#3baca6","1955","","Swamp pop appeared around 1955 when Cajun and Black Creole teenagers blended New Orleans rhythm and blues and early rock and roll with country and their own French music. It peaked between 1958 and 1964 with ballads such as Cookie and the Cupcakes' Mathilda, Rod Bernard's This Should Go On Forever and Phil Phillips's Sea of Love. Its home is Acadiana and neighboring southeast Texas, and its audience has since grown in the bayou and river parishes to the east.","64 Parishes, Swamp Pop <https://64parishes.org/entry/swamp-pop-music> | Louisiana Folklife Program, Ben Sandmel, The Treasured Traditions of Louisiana Music <https://www.louisianafolklife.org/LT/Articles_Essays/treas_trad_la_music.html>"
"funk","Funk","#725b9a","1967","","New Orleans funk is a rhythmically muscular descendant of the city's rhythm and blues. The Meters, formed in 1967 as Art Neville's pared-down band at the Ivanhoe on Bourbon Street, put ten singles on the rhythm and blues charts between 1969 and 1971 and helped define the genre while working as Allen Toussaint's studio band. They broke up in 1979, and rappers later sampled their grooves.","64 Parishes, The Meters <https://64parishes.org/entry/the-meters/> | 64 Parishes, Rhythm and Blues Music <https://64parishes.org/entry/rhythm-and-blues-music>"
"bounce","Bounce","#d15fea","1991","","Bounce is New Orleans's own call-and-response party rap. It began in late 1991 when MC T. Tucker and DJ Irv recorded Where Dey At at the Ghost Town Lounge in Hollygrove, over the beat of the Showboys' Drag Rap. Local labels such as Take Fo' and Cash Money spread it through the 1990s, and Katey Red and Big Freedia later carried it to audiences worldwide.","64 Parishes, Bounce <https://64parishes.org/entry/bounce> | 64 Parishes, Rap, Hip-Hop, and Bounce Music <https://64parishes.org/entry/rap-hip-hop-and-bounce-music>"
"hiphop","Hip-hop","#803846","1986","","Rap took hold in New Orleans in the late 1980s, with the Ninja Crew's 1986 single among the first local records and Gregory D and Mannie Fresh close behind. Cash Money, founded in 1992, and Master P's No Limit made the city a national center of Southern rap by the late 1990s. Baton Rouge followed with Young Bleed, C-Loc, Boosie and Webbie, and later Kevin Gates.","64 Parishes, Rap, Hip-Hop, and Bounce Music <https://64parishes.org/entry/rap-hip-hop-and-bounce-music> | XXL, 12 Baton Rouge Rappers You Should Know <https://www.xxlmag.com/baton-rouge-rappers-you-should-know/>"
"classical","Opera and concert music","#8e2641","1796","","Opera reached New Orleans on May 22, 1796, with Grétry's Sylvain, and French-language companies at the Théâtre d'Orléans and, from 1859, the French Opera House made the city an opera capital. From the late 1830s to the 1850s English-speaking newcomers from the North added Protestant church music, amateur choral societies, sacred concerts, sheet music publishing and singing lessons in the new public schools. A symphony orchestra followed in 1936 and an opera association in 1943.","64 Parishes, Opera and Ballet <https://64parishes.org/entry/opera-and-ballet> | 64 Parishes, Classical Music in Louisiana by Alfred E. Lemmon <https://64parishes.org/entry/classical-music-in-louisiana> | Warren Keith Kimball, Northern Music Culture in Antebellum New Orleans (PhD diss., Louisiana State University, 2017), abstract (p. iv) and chs. 1-4 (pp. 1-114) <https://repository.lsu.edu/gradschool_dissertations/4119> | Further reading, not consulted for this entry: Warren Kimball, National Identity and the Oratorio in Antebellum New Orleans, American Music 36, no. 3 (2018): 327-347, doi 10.5406/americanmusic.36.3.0327 (LSU repository record) <https://repository.lsu.edu/music_pubs/102>"
"marching","Marching bands","#d4ac32","1893","","Louisiana's school and college marching bands grew from military-style units into show bands. LSU's cadet band, organized in 1893, is the earliest documented here and was marching by about 1900. Southern's Human Jukebox built its name on playing current hits and meets Grambling's World Famed band each November at the Bayou Classic's Battle of the Bands, while New Orleans school bands fill Carnival parades and have trained many of the city's brass band musicians.","LSU Department of Bands, Mission and History <https://lsu.edu/cmda/bands/mission-and-history/index.php> | Grambling State University, GSU Tiger Marching Band history <https://www.gram.edu/academics/majors/arts-and-sciences/music/band/history.php> | WAFB, A brief history of the Southern University Human Jukebox Marching Band <https://www.wafb.com/story/38060598/a-brief-history-of-the-southern-university-human-jukebox-marching-band/> | Bayou Classic, Since 1974 <https://mybayouclassic.com/since-1974/> | A Closer Walk (Ponderosa Stomp Foundation and WWOZ), Bell Junior High School <https://acloserwalknola.com/places/bell-junior-high-school/> | 64 Parishes, Matt Sakakeeny, Brass Bands of New Orleans <https://64parishes.org/entry/brass-bands-of-new-orleans> | WWNO New Orleans Public Radio via HPPR, With the return of Mardi Gras marching bands (2022) <https://www.hppr.org/2022-03-01/with-the-return-of-mardi-gras-marching-bands-new-orleans-streets-are-full-of-magic>"
