"table","row_id","nature_note","sources"
"genres","ancient","Poverty Point, the largest and most complex Late Archaic settlement in North America, stands on Macon Ridge above the Mississippi floodplain. The high ground would have kept dry when the river flooded, with fish, turtles, deer and nuts within reach. UNESCO describes the earthworks as used for residential and ceremonial purposes; no sound survives.","64 Parishes, Poverty Point <https://64parishes.org/entry/poverty-point> | UNESCO World Heritage Centre, Monumental Earthworks of Poverty Point <https://whc.unesco.org/en/list/1435/>"
"genres","native","Each nation's music is its own. At Charenton in 1933 Benjamin Paul told Frances Densmore the Chitimacha legend of a flute made of cane; an earlier account she quotes describes a dried alligator skin scratched with a stick. The Coushatta Tribe describes women stomp dancers wearing turtle shakers. United Houma Nation songs tell of the tribe's lands and waters.","Frances Densmore, A Search for Songs among the Chitimacha Indians in Louisiana, Bureau of American Ethnology Bulletin 133 (1943), full text <https://archive.org/stream/bulletin1331943smit/bulletin1331943smit_djvu.txt> | Coushatta Tribe of Louisiana, Coushatta Powwow <https://coushattapowwow.com/> | Garde Voir Ci (Nicholls State University), The Musical Backdrop by Jade Williams <https://gardevoirci.nicholls.edu/2021/music/>"
"genres","congo","Among the instruments played at Congo Square were drums made from carved-out logs and empty barrels, gourd rattles, animal jawbones and wooden horns, modeled on African prototypes. The dancing happened outdoors, in circles on open ground at the edge of the City Commons behind the colonial town.","64 Parishes, Congo Square <https://64parishes.org/entry/congo-square> | 64 Parishes, Congo Square: La Place Publique by Jerah Johnson <https://64parishes.org/congo-square-la-place-publique>"
"genres","creole","Creole music shares the southwest Louisiana prairies with a ranching tradition. Creole trail riders include descendants of free people of color and enslaved Africans, and Creole cowboys helped manage thousands of cattle there before the Louisiana Purchase. Separately, Barry Jean Ancelet writes that merchants on the south Louisiana prairies began importing the diatonic accordions Creole and Acadian musicians took up.","64 Parishes, Creole Trail Rides by Zella Palmer <https://64parishes.org/creole-trail-rides> | Louisiana Folklife Program, Cajun and Zydeco Music Traditions by Barry Jean Ancelet <https://www.louisianafolklife.org/lt/articles_essays/cajunzydeco.html>"
"genres","cajun","West of Baton Rouge, beyond the Atchafalaya Basin, are the prairies Ben Sandmel calls the homeland of Cajun music, an area that stayed quite isolated until the oil industry arrived in the early twentieth century. Before amplification, he writes, the air-driven accordion cut through the noise of dancers; early recordings feature high-pitched singing that pierced dance hall noise.","Louisiana Folklife Program, The Treasured Traditions of Louisiana Music by Ben Sandmel <https://www.louisianafolklife.org/LT/Articles_Essays/treas_trad_la_music.html> | Louisiana Folklife Program, Cajun and Zydeco Music Traditions by Barry Jean Ancelet <https://www.louisianafolklife.org/lt/articles_essays/cajunzydeco.html>"
"genres","zydeco","Zydeco's name may come from the farm. Louisiana Creoles trace the word to les haricots, beans, in the saying that the beans aren't salty, though studies point to possible West African origins; it also refers to hard times. At Creole trail rides, riders still dance to zydeco into the small hours.","Louisiana Folklife Program, Cajun and Zydeco Music Traditions by Barry Jean Ancelet <https://www.louisianafolklife.org/lt/articles_essays/cajunzydeco.html> | 64 Parishes, Creole Trail Rides by Zella Palmer <https://64parishes.org/creole-trail-rides>"
"genres","jazz","Water both hosted and carried early jazz. Bands competed for crowds at resorts and camps built on piers over Lake Pontchartrain, and from 1918 the Streckfus excursion steamers hired New Orleans players, taking their sound up the Mississippi to river cities such as St. Louis, Davenport and St. Paul.","National Park Service, New Orleans Jazz National Historical Park, early jazz history <https://www.nps.gov/jazz/learn/historyculture/history_early.htm> | 64 Parishes, Jazz at the Lakefront by Bruce Boyd Raeburn <https://64parishes.org/jazz-at-the-lakefront> | Tulane University Libraries, Riverboats and Jazz: Fate Marable's New Orleans Band on the S.S. Sidney <https://exhibits.tulane.edu/?p=1149> | Tulane University Libraries, Riverboats and Jazz: The S.S. Sidney <https://exhibits.tulane.edu/?p=1155>"
"genres","brass","Brass band music is made for the open street. Social aid and pleasure clubs parade for miles through neighborhood backstreets on Sunday afternoons in a season that runs from September through May, and funeral processions play dirges on the way to the burial and livelier music afterward.","64 Parishes, Jazz Funerals and Second Line Parades <https://64parishes.org/entry/jazz-funerals-and-second-line-parades> | 64 Parishes, Brass Bands of New Orleans <https://64parishes.org/entry/brass-bands-of-new-orleans>"
"genres","mardigras_indian","One account of the tradition's beginnings, offered as a possibility rather than settled fact, is that people escaping slavery found refuge with Houma, Chitimacha and other tribes in the swamplands around New Orleans. Every Indian sews a new suit for Mardi Gras morning; once seen only then and on St. Joseph's night, Indians now appear throughout the year.","64 Parishes, Mardi Gras Indians <https://64parishes.org/entry/mardi-gras-indians>"
"genres","blues","Louisiana blues varies by region: a rough-edged rural style in the northeastern parishes, like that of the Mississippi Delta next door, and in Baton Rouge a ""country in the city"" blend of rural material and electric bands. By differing accounts swamp blues is named for Devil's Swamp beside the players' homes or, in J.D. Miller's studio, for Louisiana's swamps.","Louisiana Folklife Program, From Rural to Urban, From Acoustic to Amplified: the Blues in Louisiana by Ben Sandmel <https://www.louisianafolklife.org/LT/Articles_Essays/blues.html> | Louisiana Folklife Program, Blues and Blacks in the Red Stick by Joyce Jackson <https://www.louisianafolklife.org/LT/Articles_Essays/brblues1.html>"
"genres","gospel","In the Mississippi floodplain of northeast Louisiana, old plantation churches kept Easter Rock, an Easter eve vigil said to predate the Civil War. Susan Roach reports that the heavy beat of feet on a wooden floor is regarded as essential; one rocker says it sounds like a drum beating, better than on a concrete floor.","Louisiana Folklife Program, Everyone Rockin' Together: Continuity and Creativity in the Louisiana Delta Easter Rock by Susan Roach <https://www.louisianafolklife.org/LT/Articles_Essays/easterrock.html>"
"genres","country","Nicholas Spitzer places north Louisiana culturally in the upland and riverine South, its folk culture shaped on farmsteads, plantations and sharecrop land among river bottoms, piney woods and hills. Country music grew mainly from the ballads and fiddle tunes of Anglo-Celtic settlers, and in 1929 fiddler Hiter Colvin recorded the hard-driving style favored in north Louisiana oil field camps.","Louisiana Folklife Program, The Creole State: An Introduction to Louisiana Traditional Culture by Nicholas R. Spitzer <https://www.louisianafolklife.org/lt/articles_essays/creole_art_creole_state.html> | 64 Parishes, Country Music <https://64parishes.org/entry/country-music>"
"genres","swamp_pop","The name swamp pop came from outside: British writer Bill Millar coined it around 1970, after the music's 1958 to 1964 peak, for a sound from Acadiana and the part of southeast Texas where many Cajuns and Black Creoles live. Ben Sandmel notes that its structure and instruments match pop, rock and R&B made elsewhere.","64 Parishes, Swamp Pop <https://64parishes.org/entry/swamp-pop> | Louisiana Folklife Program, The Treasured Traditions of Louisiana Music by Ben Sandmel <https://www.louisianafolklife.org/LT/Articles_Essays/treas_trad_la_music.html>"
"genres","bounce","Bounce lyrics name particular schools and housing projects. After Hurricane Katrina in 2005 displaced the people who made the music and the city's public housing was demolished, those songs became a record of places that are no longer there.","64 Parishes, Bounce <https://64parishes.org/entry/bounce>"
"genres","hiphop","Hurricane Katrina in 2005 dispersed New Orleans rappers and producers to Baton Rouge, Houston, Dallas and Atlanta, where many had trouble sustaining their careers; Lil Wayne relocated to Miami. The 64 Parishes entry calls the storm-related disruption a major setback for the city's newer artists and labels.","64 Parishes, Rap, Hip-Hop and Bounce Music <https://64parishes.org/entry/rap-hip-hop-and-bounce-music>"
"regions","ancient_poverty_point","Poverty Point, in West Carroll Parish, stands on Macon Ridge, a wide alluvial terrace veneered with wind-blown silt above the Mississippi floodplain. The ridge would have kept dry in floods while lying close to bottomland fish, turtles and aquatic roots and to upland deer and nuts.","U.S. EPA and USGS, Summary Table: Characteristics of the Ecoregions of Louisiana (poster back) <https://dmap-prod-oms-edc.s3.us-east-1.amazonaws.com/ORD/Ecoregions/la/la_back.pdf> | 64 Parishes, Poverty Point <https://64parishes.org/entry/poverty-point>"
"regions","native_caddo","Caddo songs reflect the community's ties to its Louisiana homeland. Turkey Dance songs, which must be danced before sunset, recall events such as the creation of Caddo Lake. In a Riding Song about the removal from Louisiana, a redbird warns night travelers that daylight is near; another song calls from across the Ouachita River.","Louisiana Folklife Program, Caddo Homecoming by Dayna Bowker Lee <https://www.louisianafolklife.org/LT/Articles_Essays/creole_art_caddo_homecomin.html>"
"regions","native_chitimacha","The Chitimacha Tribe of Louisiana says its lands once took in the entire Atchafalaya Basin, west toward Lafayette, south to the Gulf and east toward New Orleans. River cane basketry is central to the nation's cultural tradition, and a cane flute figures in a legend Benjamin Paul told Frances Densmore at Charenton in 1933.","Chitimacha Tribe of Louisiana, Tribal History <https://www.chitimacha.gov/history-culture/tribal-history> | Frances Densmore, A Search for Songs among the Chitimacha Indians in Louisiana, Bureau of American Ethnology Bulletin 133 (1943), full text <https://archive.org/stream/bulletin1331943smit/bulletin1331943smit_djvu.txt>"
"regions","cajun_early","Colonial grants gave each Acadian family a narrow frontage on the nearest waterway, running forty arpents back. Swampy backlands held eastern settlers to the banks of the Mississippi and Bayou Lafourche, while those in the Teche country could, and often did, move out onto the uninhabited prairies beyond.","Acadian Memorial, Acadian Immigration into South Louisiana, 1764-1785 <https://acadianmemorial.org/acadian-immigration-into-south-louisiana-1764-1785/>"
"regions","cajun_prairie","This was prairie: flat coastal plain of bluestem and switchgrass with gallery forest along the streams, now mostly cropland of rice, soybeans and hay, with some crawfish ponds. Here the courir de Mardi Gras rides from farm to farm, on horseback or trailer, begging a chicken or some rice for the communal gumbo.","U.S. EPA and USGS, Summary Table: Characteristics of the Ecoregions of Louisiana (poster back) <https://dmap-prod-oms-edc.s3.us-east-1.amazonaws.com/ORD/Ecoregions/la/la_back.pdf> | 64 Parishes, Courir de Mardi Gras <https://64parishes.org/entry/courir-de-mardi-gras>"
"regions","zydeco_core","Trail rides keep zydeco tied to this country's ranching past. Creole riders from places such as Plaisance and Cecilia, among them descendants of people who managed cattle on the southwest Louisiana prairies, come together to ride, cook and dance to zydeco into the small hours.","64 Parishes, Creole Trail Rides by Zella Palmer <https://64parishes.org/creole-trail-rides>"
"regions","blues_shreveport","Lead Belly's music came out of the cotton country around Shreveport. Born on the Jeter Plantation near Mooringsport, he was known as a child for how much cotton he could pick. He later worked the fields between Shreveport and Dallas, played parties and country dances on weekends, and heard varied music among the saloons of Shreveport's Fannin Street.","64 Parishes, Huddie Lead Belly Ledbetter <https://64parishes.org/entry/lead-belly> | National Park Service, Huddie William Leadbelly Ledbetter <https://www.nps.gov/locations/lowermsdeltaregion/leadbelly.htm>"
"regions","blues_delta","These parishes lie on the Mississippi's alluvial plain, flat meander-belt and backswamp land of cypress-gum swamp and bottomland hardwoods, with cropland now in cotton, soybeans and corn. Ben Sandmel describes their blues as rural and rough-edged, akin to the Mississippi Delta's across the river, and it is played in juke joints in towns such as Ferriday.","U.S. EPA and USGS, Summary Table: Characteristics of the Ecoregions of Louisiana (poster back) <https://dmap-prod-oms-edc.s3.us-east-1.amazonaws.com/ORD/Ecoregions/la/la_back.pdf> | Louisiana Folklife Program, From Rural to Urban, From Acoustic to Amplified: the Blues in Louisiana by Ben Sandmel <https://www.louisianafolklife.org/LT/Articles_Essays/blues.html>"
"regions","blues_baton_rouge","Swamp blues was made by country people come to town. Players from farming communities around Zachary, Clinton, St. Francisville and Slaughter moved to Baton Rouge for petroleum and chemical plant work, and by Silas Hogan's account jammed on porches overlooking Devil's Swamp near Scotlandville, naming their sound for it.","Louisiana Folklife Program, Blues and Blacks in the Red Stick by Joyce Jackson <https://www.louisianafolklife.org/LT/Articles_Essays/brblues1.html>"
"regions","gospel_delta","Easter Rock is associated with the old plantation churches of the Mississippi floodplain. Scholars documented it near Clayton in Concordia Parish, and it continues in Winnsboro in Franklin Parish, with earlier reports from Ferriday to Lake Providence. Participants in 1942 remembered it as older than the Civil War.","Louisiana Folklife Program, Everyone Rockin' Together: Continuity and Creativity in the Louisiana Delta Easter Rock by Susan Roach <https://www.louisianafolklife.org/LT/Articles_Essays/easterrock.html>"
"regions","country_north","North Louisiana is peopled mainly by English-speaking, predominantly Protestant British Americans and African Americans, in a landscape of river bottoms, piney woods and hills. Oil brought its own audience: Hiter Colvin, a fiddler from Dubach, made 1929 recordings in the hard-driving style favored in north Louisiana oil field camps.","Louisiana Folklife Program, The Treasured Traditions of Louisiana Music by Ben Sandmel <https://www.louisianafolklife.org/LT/Articles_Essays/treas_trad_la_music.html> | Louisiana Folklife Program, The Creole State: An Introduction to Louisiana Traditional Culture by Nicholas R. Spitzer <https://www.louisianafolklife.org/lt/articles_essays/creole_art_creole_state.html> | 64 Parishes, Country Music <https://64parishes.org/entry/country-music>"
"places","poverty_point","The earthworks sit on Macon Ridge, above the western edge of the Mississippi floodplain. From there people could reach upland deer, nuts and fruit and bottomland fish, turtles and aquatic roots, and three rivers, the Mississippi, Ouachita and Arkansas, linked them in trade with other groups.","64 Parishes, Poverty Point <https://64parishes.org/entry/poverty-point>"
"places","marksville_site","The mounds stand beside Old River, an oxbow lake that about 2,000 years ago would have been the Mississippi's own channel. The complex may once have served as an important ceremonial site, and sightlines from one mound to others are reported to mark the rising and setting of the sun and moon.","Tunica-Biloxi Tribe of Louisiana, article on the Marksville site reposted from NOLA.com <https://www.tunicabiloxi.org/this-archaeological-site-drew-pilgrims-2000-years-ago-now-there-are-big-plans-for-its-future/>"
"places","chitimacha_charenton","At Charenton on Bayou Teche in 1933, Benjamin Paul told Frances Densmore the Chitimacha legend of how a boy who shared deer meat with a disguised deity learned to make a cane flute. An earlier account she quotes, John Swanton's of 1911, describes a drum of deerskin over a clay pot and a dried alligator skin scratched with a stick.","Frances Densmore, A Search for Songs among the Chitimacha Indians in Louisiana, Bureau of American Ethnology Bulletin 133 (1943), full text <https://archive.org/stream/bulletin1331943smit/bulletin1331943smit_djvu.txt> | Chitimacha Tribe of Louisiana, Tribal History <https://www.chitimacha.gov/history-culture/tribal-history>"
"places","tunica_biloxi_marksville","The tribe's history tells how the Tunica once settled across from the mouth of the Red River on the Mississippi, well placed on trade routes linking both valleys with New Orleans. It names corn as a staple honored in celebrations and rituals; before the present Pow Wow began in 1995, a Green Corn festival was held each summer.","Tunica-Biloxi Tribe of Louisiana, History <https://www.tunicabiloxi.org/history/> | The Advocate, Celebrating Tunica-Biloxi traditions and culture in Marksville <https://www.theadvocate.com/acadiana/entertainment_life/were-a-family-first-celebrating-tunica-biloxi-traditions-and-culture-in-marksville/article_681cd6ac-16f0-11ef-939a-938e7ae472e4.html>"
"places","united_houma_nation","Songs of the United Houma Nation tell of the tribe's lands and waters and of leaders from long ago, a Nicholls State University feature reports. Chief August Creppel says most are prayer songs; he plays a hand drum, and big drums are made from skins. The songs were passed down from elders.","Garde Voir Ci (Nicholls State University), The Musical Backdrop by Jade Williams <https://gardevoirci.nicholls.edu/2021/music/>"
"places","coushatta_elton","The Coushatta Tribe describes women stomp dancers wearing turtle shakers, a main source of the dance's music, and a fire whose smoke carries prayers upward through the night. Religious stomp dances belong to the Green Corn Ceremony, held in summer at the height of the new crop season.","Coushatta Tribe of Louisiana, Coushatta Powwow <https://coushattapowwow.com/>"
"places","congo_square","The market ground that became Congo Square lay behind the colonial town at the edge of the City Commons. Later the Carondelet Canal's turning basin bordered it, crowded with boats of vegetables, oysters and shrimp. The city left it plain, open and grassy, a market ground as well as a dancing ground.","64 Parishes, Congo Square: La Place Publique by Jerah Johnson <https://64parishes.org/congo-square-la-place-publique>"
"places","los_islenos_st_bernard","Isleño décimas are the songs of a marsh fishing people: one mocks a boastful shrimper, another tells a crab fisherman's life. Sara-Ann Harris writes that tides, moon, wind and salinity governed the catch and that hurricane season threatened every August to October. Katrina destroyed Delacroix Island, the old center, in 2005.","Louisiana Folklife Program, The Evolution of the Isleño Identity by Sara-Ann Harris <https://www.louisianafolklife.org/LT/Articles_Essays/islenos.html> | 64 Parishes, Isleños <https://64parishes.org/entry/islenos>"
"places","milneburg","Milneburg stood over the water: a dance pavilion, cottages and camps along a boardwalk and pier on Lake Pontchartrain's south shore, reached from town by the Smokey Mary train. Drummer Paul Barbarin recalled a white band playing two camps away, in honest rivalry. Seawall and landfill projects after 1927 ended the lakefront music scene.","64 Parishes, Jazz at the Lakefront by Bruce Boyd Raeburn <https://64parishes.org/jazz-at-the-lakefront>"
"places","angola_state_penitentiary","Angola is a prison farm of about 18,000 acres assembled from former plantation land on the Mississippi. Prisoners worked its crops and the river levees, and floods struck in 1903, 1912 and 1922. On this working farm the Lomaxes found Lead Belly in 1933.","64 Parishes, Louisiana State Penitentiary at Angola <https://64parishes.org/entry/louisiana-state-penitentiary-at-angola> | 64 Parishes, Huddie Lead Belly Ledbetter <https://64parishes.org/entry/lead-belly>"
"places","studio_in_the_country","The studio describes its grounds as 26 acres of pine forests, fields and ponds about 70 miles northeast of New Orleans. This is the pine hill country of the Southeastern Plains, historically longleaf pine forest and now largely forest, pine plantation and pasture.","Studio in the Country, official site <https://studiointhecountry.com/> | U.S. EPA and USGS, Summary Table: Characteristics of the Ecoregions of Louisiana (poster back) <https://dmap-prod-oms-edc.s3.us-east-1.amazonaws.com/ORD/Ecoregions/la/la_back.pdf>"
"places","fats_domino_house","After Hurricane Katrina in 2005, Fats Domino was rescued by boat from this Lower Ninth Ward house, in the neighborhood where he was raised and chose to remain. A 2006 album that followed was taken as a sign of New Orleans's determination to come back.","Louisiana Office of Tourism, Fats Domino's House <https://www.explorelouisiana.com/music/fats-dominos-house>"
"places","freds_lounge","Mamou is one of the prairie communities where the courir de Mardi Gras runs. Riders on horseback or tractor-drawn trailers call on neighbors across the countryside, chase live chickens and gather rice, sausage and onions for a communal gumbo, singing a song that asks for charity.","64 Parishes, Courir de Mardi Gras <https://64parishes.org/entry/courir-de-mardi-gras>"
"places","acadian_arrival_st_martinville","The 193 Acadians who reached New Orleans in February 1765 were sent on to the Attakapas, a frontier of bayous backed by open prairie. Land was granted in strips fronting the nearest waterway and forty arpents deep, and settlers wanting distance from feuding neighbors could, and many did, move onto the uninhabited prairies.","Acadian Memorial, Acadian Immigration into South Louisiana, 1764-1785 <https://acadianmemorial.org/acadian-immigration-into-south-louisiana-1764-1785/>"
