"file","table","row_id","field","new_value","evidence_url","reason"
"nature","genres","ancient","nature_note","Poverty Point, the largest and most complex Late Archaic settlement in North America, stands on Macon Ridge above the Mississippi floodplain. The high ground would have kept dry when the river flooded, with fish, turtles, deer and nuts within reach. UNESCO describes the earthworks as used for residential and ceremonial purposes; no sound survives.","https://whc.unesco.org/en/list/1435/","The cited 64 Parishes page says nothing about archaeologists inferring gatherings; UNESCO's residential and ceremonial wording is the supportable claim, and the flood sentence was a near-copy."
"nature","genres","ancient","sources","64 Parishes, Poverty Point <https://64parishes.org/entry/poverty-point> | UNESCO World Heritage Centre, Monumental Earthworks of Poverty Point <https://whc.unesco.org/en/list/1435/>","https://whc.unesco.org/en/list/1435/","Adds the source that supports the ceremonial-use statement."
"nature","genres","native","nature_note","Each nation's music is its own. At Charenton in 1933 Benjamin Paul told Frances Densmore the Chitimacha legend of a flute made of cane; an earlier account she quotes describes a dried alligator skin scratched with a stick. The Coushatta Tribe describes women stomp dancers wearing turtle shakers. United Houma Nation songs tell of the tribe's lands and waters.","https://archive.org/stream/bulletin1331943smit/bulletin1331943smit_djvu.txt","The alligator-skin instrument comes from Swanton 1911 as quoted by Densmore, not from elders in 1933; the claim that instruments come from each nation's own country is unsupported (the Houma chief names elk skins); the Houma clause was a near-copy."
"nature","genres","congo","nature_note","Among the instruments played at Congo Square were drums made from carved-out logs and empty barrels, gourd rattles, animal jawbones and wooden horns, modeled on African prototypes. The dancing happened outdoors, in circles on open ground at the edge of the City Commons behind the colonial town.","https://64parishes.org/entry/congo-square","The source lists the instruments and says they were modeled after African prototypes; it does not say the sound was made from what the country supplied."
"nature","genres","creole","nature_note","Creole music shares the southwest Louisiana prairies with a ranching tradition. Creole trail riders include descendants of free people of color and enslaved Africans, and Creole cowboys helped manage thousands of cattle there before the Louisiana Purchase. Separately, Barry Jean Ancelet writes that merchants on the south Louisiana prairies began importing the diatonic accordions Creole and Acadian musicians took up.","https://www.louisianafolklife.org/lt/articles_essays/cajunzydeco.html","The original joined the cattle families and the accordion merchants as one story and said the merchants imported the first accordions; the two sources are independent and Ancelet says only that merchants began importing diatonic accordions."
"nature","genres","cajun","nature_note","West of Baton Rouge, beyond the Atchafalaya Basin, are the prairies Ben Sandmel calls the homeland of Cajun music, an area that stayed quite isolated until the oil industry arrived in the early twentieth century. Before amplification, he writes, the air-driven accordion cut through the noise of dancers; early recordings feature high-pitched singing that pierced dance hall noise.","https://www.louisianafolklife.org/LT/Articles_Essays/treas_trad_la_music.html","The opening sentence was a near-copy of Sandmel's sentence; reworded and attributed, claims unchanged."
"nature","genres","zydeco","nature_note","Zydeco's name may come from the farm. Louisiana Creoles trace the word to les haricots, beans, in the saying that the beans aren't salty, though studies point to possible West African origins; it also refers to hard times. At Creole trail rides, riders still dance to zydeco into the small hours.","https://www.louisianafolklife.org/lt/articles_essays/cajunzydeco.html","Ancelet presents the haricots derivation as a folk explanation and notes studies suggesting African origins, so the name cannot be stated as fact; snap beans is not in the cited sources."
"nature","genres","mardigras_indian","nature_note","One account of the tradition's beginnings, offered as a possibility rather than settled fact, is that people escaping slavery found refuge with Houma, Chitimacha and other tribes in the swamplands around New Orleans. Every Indian sews a new suit for Mardi Gras morning; once seen only then and on St. Joseph's night, Indians now appear throughout the year.","https://64parishes.org/entry/mardi-gras-indians","The source says Indians were once seen only on Mardi Gras day and St. Joseph's night but now appear all year, so the calendar is not fixed."
"nature","genres","blues","nature_note","Louisiana blues varies by region: a rough-edged rural style in the northeastern parishes, like that of the Mississippi Delta next door, and in Baton Rouge a ""country in the city"" blend of rural material and electric bands. By differing accounts swamp blues is named for Devil's Swamp beside the players' homes or, in J.D. Miller's studio, for Louisiana's swamps.","https://www.louisianafolklife.org/LT/Articles_Essays/blues.html","Neither source calls the Baton Rouge sound relaxed (Sandmel's phrase is country in the city), and changes with the land implied a causal link the sources do not make."
"nature","genres","gospel","nature_note","In the Mississippi floodplain of northeast Louisiana, old plantation churches kept Easter Rock, an Easter eve vigil said to predate the Civil War. Susan Roach reports that the heavy beat of feet on a wooden floor is regarded as essential; one rocker says it sounds like a drum beating, better than on a concrete floor.","https://www.louisianafolklife.org/LT/Articles_Essays/easterrock.html","Roach quotes one rocker preferring the wooden-floor sound to concrete; she does not report rockers lamenting its loss."
"nature","genres","country","nature_note","Nicholas Spitzer places north Louisiana culturally in the upland and riverine South, its folk culture shaped on farmsteads, plantations and sharecrop land among river bottoms, piney woods and hills. Country music grew mainly from the ballads and fiddle tunes of Anglo-Celtic settlers, and in 1929 fiddler Hiter Colvin recorded the hard-driving style favored in north Louisiana oil field camps.","https://64parishes.org/entry/country-music","Opening sentence and the oil-camp clause were near-copies of the sources; reworded and attributed, claims unchanged."
"nature","genres","swamp_pop","nature_note","The name swamp pop came from outside: British writer Bill Millar coined it around 1970, after the music's 1958 to 1964 peak, for a sound from Acadiana and the part of southeast Texas where many Cajuns and Black Creoles live. Ben Sandmel notes that its structure and instruments match pop, rock and R&B made elsewhere.","https://www.louisianafolklife.org/LT/Articles_Essays/treas_trad_la_music.html","Neither source says swamp is shorthand for south Louisiana or that the name points to a homeland, not a sound; Sandmel in fact ties its regional identity to a vocal style."
"nature","genres","hiphop","nature_note","Hurricane Katrina in 2005 dispersed New Orleans rappers and producers to Baton Rouge, Houston, Dallas and Atlanta, where many had trouble sustaining their careers; Lil Wayne relocated to Miami. The 64 Parishes entry calls the storm-related disruption a major setback for the city's newer artists and labels.","https://64parishes.org/entry/rap-hip-hop-and-bounce-music","First sentence was a near-copy of the source, and the clearest-case claim was the researcher's own judgment, not the source's."
"nature","regions","ancient_poverty_point","nature_note","Poverty Point, in West Carroll Parish, stands on Macon Ridge, a wide alluvial terrace veneered with wind-blown silt above the Mississippi floodplain. The ridge would have kept dry in floods while lying close to bottomland fish, turtles and aquatic roots and to upland deer and nuts.","https://64parishes.org/entry/poverty-point","The sources place the site, not the whole parish, on Macon Ridge; the flood sentence was a near-copy."
"nature","regions","native_caddo","nature_note","Caddo songs reflect the community's ties to its Louisiana homeland. Turkey Dance songs, which must be danced before sunset, recall events such as the creation of Caddo Lake. In a Riding Song about the removal from Louisiana, a redbird warns night travelers that daylight is near; another song calls from across the Ouachita River.","https://www.louisianafolklife.org/LT/Articles_Essays/creole_art_caddo_homecomin.html","The original merged two different songs: the Redbird riding song about removal, and a separate Across the Ouachita song the source links to a 1787 move."
"nature","regions","native_chitimacha","nature_note","The Chitimacha Tribe of Louisiana says its lands once took in the entire Atchafalaya Basin, west toward Lafayette, south to the Gulf and east toward New Orleans. River cane basketry is central to the nation's cultural tradition, and a cane flute figures in a legend Benjamin Paul told Frances Densmore at Charenton in 1933.","https://archive.org/stream/bulletin1331943smit/bulletin1331943smit_djvu.txt","Densmore says only cane, in a legend told by Benjamin Paul; equating it with the river cane of the basketry was the researcher's inference."
"nature","regions","cajun_prairie","nature_note","This was prairie: flat coastal plain of bluestem and switchgrass with gallery forest along the streams, now mostly cropland of rice, soybeans and hay, with some crawfish ponds. Here the courir de Mardi Gras rides from farm to farm, on horseback or trailer, begging a chicken or some rice for the communal gumbo.","https://dmap-prod-oms-edc.s3.us-east-1.amazonaws.com/ORD/Ecoregions/la/la_back.pdf","The EPA table lists cropland of mostly rice, soybeans and hay with some crawfish aquaculture, not mostly rice fields and crawfish ponds."
"nature","regions","zydeco_core","nature_note","Trail rides keep zydeco tied to this country's ranching past. Creole riders from places such as Plaisance and Cecilia, among them descendants of people who managed cattle on the southwest Louisiana prairies, come together to ride, cook and dance to zydeco into the small hours.","https://64parishes.org/creole-trail-rides","Plaisance and Cecilia are the home towns of riders quoted in the article; the ride it describes was held in Sulphur."
"nature","regions","blues_shreveport","nature_note","Lead Belly's music came out of the cotton country around Shreveport. Born on the Jeter Plantation near Mooringsport, he was known as a child for how much cotton he could pick. He later worked the fields between Shreveport and Dallas, played parties and country dances on weekends, and heard varied music among the saloons of Shreveport's Fannin Street.","https://www.nps.gov/locations/lowermsdeltaregion/leadbelly.htm","The NPS page says he was exposed to music on Fannin Street, not that he played its saloons; the cotton phrase was a near-copy."
"nature","regions","blues_delta","nature_note","These parishes lie on the Mississippi's alluvial plain, flat meander-belt and backswamp land of cypress-gum swamp and bottomland hardwoods, with cropland now in cotton, soybeans and corn. Ben Sandmel describes their blues as rural and rough-edged, akin to the Mississippi Delta's across the river, and it is played in juke joints in towns such as Ferriday.","https://dmap-prod-oms-edc.s3.us-east-1.amazonaws.com/ORD/Ecoregions/la/la_back.pdf","The EPA table still lists forested wetlands and deciduous forest first, so gave way largely to crops overstates it; the blues clause was a near-copy."
"nature","regions","gospel_delta","nature_note","Easter Rock is associated with the old plantation churches of the Mississippi floodplain. Scholars documented it near Clayton in Concordia Parish, and it continues in Winnsboro in Franklin Parish, with earlier reports from Ferriday to Lake Providence. Participants in 1942 remembered it as older than the Civil War.","https://www.louisianafolklife.org/LT/Articles_Essays/easterrock.html","Roach places the surviving Easter Rock in Winnsboro, not near it."
"nature","regions","country_north","nature_note","North Louisiana is peopled mainly by English-speaking, predominantly Protestant British Americans and African Americans, in a landscape of river bottoms, piney woods and hills. Oil brought its own audience: Hiter Colvin, a fiddler from Dubach, made 1929 recordings in the hard-driving style favored in north Louisiana oil field camps.","https://64parishes.org/entry/country-music","Sandmel says the region is populated, not settled, by these groups, and the Colvin clause was a near-copy of the 64 Parishes sentence."
"nature","places","poverty_point","nature_note","The earthworks sit on Macon Ridge, above the western edge of the Mississippi floodplain. From there people could reach upland deer, nuts and fruit and bottomland fish, turtles and aquatic roots, and three rivers, the Mississippi, Ouachita and Arkansas, linked them in trade with other groups.","https://64parishes.org/entry/poverty-point","Two clauses were near-copies of the 64 Parishes sentences; reworded, claims unchanged."
"nature","places","marksville_site","nature_note","The mounds stand beside Old River, an oxbow lake that about 2,000 years ago would have been the Mississippi's own channel. The complex may once have served as an important ceremonial site, and sightlines from one mound to others are reported to mark the rising and setting of the sun and moon.","https://www.tunicabiloxi.org/this-archaeological-site-drew-pilgrims-2000-years-ago-now-there-are-big-plans-for-its-future/","The article hedges that the site may have served as a ceremonial site; the original stated it as fact and added an inference about siting on the river bank."
"nature","places","chitimacha_charenton","nature_note","At Charenton on Bayou Teche in 1933, Benjamin Paul told Frances Densmore the Chitimacha legend of how a boy who shared deer meat with a disguised deity learned to make a cane flute. An earlier account she quotes, John Swanton's of 1911, describes a drum of deerskin over a clay pot and a dried alligator skin scratched with a stick.","https://archive.org/stream/bulletin1331943smit/bulletin1331943smit_djvu.txt","Densmore attributes the legend to Benjamin Paul and quotes a single earlier account (Swanton 1911), not several older accounts."
"nature","places","tunica_biloxi_marksville","nature_note","The tribe's history tells how the Tunica once settled across from the mouth of the Red River on the Mississippi, well placed on trade routes linking both valleys with New Orleans. It names corn as a staple honored in celebrations and rituals; before the present Pow Wow began in 1995, a Green Corn festival was held each summer.","https://www.tunicabiloxi.org/history/","First sentence was a near-copy of the tribe's own sentence and did not make clear this was an earlier village, not Marksville."
"nature","places","united_houma_nation","nature_note","Songs of the United Houma Nation tell of the tribe's lands and waters and of leaders from long ago, a Nicholls State University feature reports. Chief August Creppel says most are prayer songs; he plays a hand drum, and big drums are made from skins. The songs were passed down from elders.","https://gardevoirci.nicholls.edu/2021/music/","The lands-and-waters clause was verbatim from the source, and the handed-down-by-elders statement is the article's, not Chief Creppel's."
"nature","places","congo_square","nature_note","The market ground that became Congo Square lay behind the colonial town at the edge of the City Commons. Later the Carondelet Canal's turning basin bordered it, crowded with boats of vegetables, oysters and shrimp. The city left it plain, open and grassy, a market ground as well as a dancing ground.","https://64parishes.org/congo-square-la-place-publique","City Commons and turning basin are both in Johnson but belong to different periods (colonial market ground; after 1812), and simple, open, grassy plain was verbatim."
"nature","places","milneburg","nature_note","Milneburg stood over the water: a dance pavilion, cottages and camps along a boardwalk and pier on Lake Pontchartrain's south shore, reached from town by the Smokey Mary train. Drummer Paul Barbarin recalled a white band playing two camps away, in honest rivalry. Seawall and landfill projects after 1927 ended the lakefront music scene.","https://64parishes.org/jazz-at-the-lakefront","Raeburn says the seawall and landfill erased the music scene, not the shoreline, and does not say the camps were rented."
"nature","places","acadian_arrival_st_martinville","nature_note","The 193 Acadians who reached New Orleans in February 1765 were sent on to the Attakapas, a frontier of bayous backed by open prairie. Land was granted in strips fronting the nearest waterway and forty arpents deep, and settlers wanting distance from feuding neighbors could, and many did, move onto the uninhabited prairies.","https://acadianmemorial.org/acadian-immigration-into-south-louisiana-1764-1785/","February 1765 is the arrival at New Orleans; the source does not date the move to the Attakapas to that month."
"ecoregions","","73","description","The flat floodplain and delta of the Mississippi: meander belts with natural levees and oxbows, backswamps of bald cypress and tupelo, the Macon Ridge terrace, inland swamps and deltaic coastal marshes. Poverty Point, the blues of the northeastern Delta parishes, Easter Rock, Isleño décimas and the music of New Orleans belong to this plain.","https://www.louisianafolklife.org/LT/Articles_Essays/blues.html","Delta blues as a genre did not arise in Louisiana; Sandmel describes a northeastern-parish style similar to the Mississippi Delta's, and all arose here overstates origin."
"ecoregions","","75","description","Flat to gently undulating coastal plain with low-gradient sandy streams. Longleaf pine flatwoods and open savannas with pitcher-plant bogs once dominated, with cypress-gum swamp on river floodplains and tidal freshwater marsh toward the coast. On this map, the Dew Drop jazz hall in Mandeville stands here, on the north shore of Lake Pontchartrain.","","Spatial overlay of the map's places on the EPA Level III layer puts the Dew Drop hall in ecoregion 75; replaces a sentence about the map's own notes."
