"table","row_id","field","new_value","evidence_url","reason"
"places","calliope_projects_no_limit","writeup","The B.W. Cooper public housing development, built between 1939 and 1941 and always called the Calliope, raised two generations of New Orleans musicians. The Neville brothers, pianist Willie Tee, the Dixie Cups and Henry Butler all lived here. Percy Miller, known as Master P, was raised in the Calliope by his grandparents, started No Limit Records in California, and moved the label to New Orleans around 1995. With his brothers C-Murder and Silkk the Shocker he made the project's name familiar to rap listeners nationwide, and No Limit sold more than fifty million albums by 2001. The complex flooded in 2005 and had been demolished by 2014, except for three brick buildings.","https://www.louisianalandmarks.org/2020neworleans9","Louisiana Landmarks Society (2020) records three original brick buildings still standing six years after the 2014 demolitions, so ""fully demolished"" is wrong; 2014 stands as year_end."
"places","calliope_projects_no_limit","sources","A Closer Walk (WWOZ): Calliope (B.W. Cooper) Public Housing Development <https://acloserwalknola.com/places/calliope-b-w-cooper-public-housing-development/> | 64 Parishes: Percy Master P Miller and No Limit Records <https://64parishes.org/entry/percy-master-p-miller-and-no-limit-records> | Wikipedia: Calliope Projects <https://en.wikipedia.org/wiki/Calliope_Projects> | Louisiana Landmarks Society: 2020 New Orleans Nine, B. W. Cooper surviving buildings <https://www.louisianalandmarks.org/2020neworleans9>","https://www.louisianalandmarks.org/2020neworleans9","Adds the source for the demolition date and the surviving buildings."
"places","club_rumors_club_discovery","sources","A Closer Walk (WWOZ): Club Rumors / Club Discovery <https://acloserwalknola.com/places/club-rumors-club-discovery/> | Preservation Resource Center of New Orleans: Bouncing Back (Preservation in Print, 2018) <https://prcno.org/bouncing-back/>","https://prcno.org/bouncing-back/","Second independent source found (two-story club, Captain Charles and KLC, dance contests, role in bounce and hip-hop), so the row should be kept, not deleted."
"places","house_of_dance_and_feathers","listen_1_label","Watch: Powerhouses of Knowledge, celebrating Ronald W. Lewis and Sylvester Francis (The Historic New Orleans Collection, YouTube)","https://www.youtube.com/watch?v=aB50FvJ79XM","Replaces a 30-second tourism spot with an hour-long museum program about Lewis and the House of Dance and Feathers."
"places","house_of_dance_and_feathers","listen_1_url","https://www.youtube.com/watch?v=aB50FvJ79XM","https://www.youtube.com/oembed?url=https://www.youtube.com/watch?v=aB50FvJ79XM&format=json","oEmbed confirms title and The Historic New Orleans Collection as the channel."
"places","hr_bar_second_and_dryades","writeup","The H&R Bar, at the Central City corner of Second and Dryades streets, was the headquarters of the Wild Magnolias. Its hand-painted sign gave 1966 as the year it was established, two years after Bo Dollis became the gang's Big Chief. On Sunday evenings in the months before Carnival the Indians held practice inside, drumming and chanting. Dollis's voice caught the ear of Quint Davis, then a college student, which led to the 1970 single ""Handa Wanda,"" recorded in Baton Rouge with Willie Tee on keyboards and Snooks Eaglin on guitar behind the chant. Monk Boudreaux's Golden Eagles recorded the live album Lightning and Thunder in the bar in 1988. Fire destroyed it in 2001; the lot is empty.","https://wwoz.org/blog/200246","WWOZ states the single was recorded in Baton Rouge; saying so removes any implication that it was recorded in the bar."
"places","hr_bar_second_and_dryades","sources","A Closer Walk (WWOZ): H&R Bar <https://acloserwalknola.com/places/hr-bar/> | National Endowment for the Arts: Bo Dollis, National Heritage Fellow <https://www.arts.gov/honors/heritage/bo-dollis> | Wikipedia: The Wild Magnolias <https://en.wikipedia.org/wiki/The_Wild_Magnolias> | WWOZ: Mardi Gras song profile, Handa Wanda <https://wwoz.org/blog/200246>","https://wwoz.org/blog/200246","Adds the source for where the single was recorded."
"places","mount_moriah_baptist_church","year_start","1925","https://acloserwalknola.com/places/mount-moriah-baptist-church/","A Closer Walk and OffBeat both put the baptism at age 14 (born October 1911), which is 1925 or 1926, not 1923; 1925 matches the write-up."
"places","mount_moriah_baptist_church","writeup","Mahalia Jackson, born in 1911 a few blocks away in the uptown riverside neighborhood now called the Black Pearl, learned to sing in this church. Her grandfather, Paul Clark, preached here from the 1910s. She stood out in the youth choir, moved up to the adult choir, and was baptized in the river as a member at fourteen, about 1925. The congregation's ""Dr. Watts"" hymn singing and its foot-tapping, hand-clapping bounce shaped her style before she left for Chicago as a teenager. In 1956 she arranged a live national television broadcast of a Christmas service from the church, and her funeral procession passed it in 1972. The congregation still worships here.","https://offbeat.com/articles/masters-of-louisiana-music-mahalia-jackson","Sources give her age (14) and the river baptism but no year, so the year is an approximation and should read as one."
"places","cosimo_recording_studios","year_end","1966","https://acloserwalknola.com/places/cosimo-recording-studios/","A Closer Walk says hits were cut on Governor Nicholls through 1966 and that Matassa had moved to Camp Street by 1967; 64 Parishes says only ""around 1965""."
"places","cosimo_recording_studios","writeup","In 1956 Cosimo Matassa moved out of his J&M studio on North Rampart Street into a former warehouse on Governor Nicholls Street in the lower French Quarter, and renamed the business with what everyone already called it. Here a core of session players, among them saxophonists Lee Allen and Red Tyler, backed Fats Domino on ""I'm Walkin'"" and Little Richard on ""Lucille."" Huey ""Piano"" Smith's hits, Frankie Ford's ""Sea Cruise,"" and Allen Toussaint's early productions followed, including Ernie K-Doe's ""Mother-in-Law"" and Chris Kenner's ""I Like It Like That"" in 1961. By 1967 Matassa had moved again, to Camp Street. The building survives in other use.","https://acloserwalknola.com/places/jazz-city-studio/","Matches the corrected end year and the better-documented date of the move."
"places","cosimo_recording_studios","sources","A Closer Walk (WWOZ): Cosimo Recording Studios <https://acloserwalknola.com/places/cosimo-recording-studios/> | 64 Parishes: Cosimo Matassa <https://64parishes.org/entry/cosimo-matassa> | A Closer Walk (WWOZ): Jazz City Studio <https://acloserwalknola.com/places/jazz-city-studio/>","https://acloserwalknola.com/places/jazz-city-studio/","Adds the source for the date of the move to Camp Street."
"places","mother_in_law_lounge","writeup","Ernie K-Doe's ""Mother-in-Law"" topped the national pop and rhythm and blues charts in May 1961. By the 1980s he was better known in New Orleans for his outlandish, free-associating radio shows on WWOZ. In 1995 Antoinette Fox, whom he later married, opened this lounge on North Claiborne Avenue, and it gave the self-styled Emperor of the Universe a stage and a late revival. After he died on July 5, 2001, Antoinette kept it going, with a dressed mannequin of her husband on display, through the 2005 flood and until her own death on Mardi Gras Day 2009. The lounge closed in 2010. Trumpeter Kermit Ruffins reopened it in 2014; in September 2026 he announced he was giving it up.","https://wgno.com/news/louisiana/orleans-parish/had-the-time-of-our-life-treme-mother-in-law-lounge-set-to-close-after-19-years/","WGNO reported on September 9, 2026 that Ruffins said the lounge is set to close; a closing date was not confirmed, so year_end stays blank for now."
"places","mother_in_law_lounge","sources","A Closer Walk (WWOZ): Ernie K-Doe's Mother-in-Law Lounge <https://acloserwalknola.com/places/ernie-k-mother-law-lounge/> | 64 Parishes: Ernie K-Doe <https://64parishes.org/entry/ernie-k-doe> | WGNO: Treme Mother-In-Law Lounge set to close (September 2026) <https://wgno.com/news/louisiana/orleans-parish/had-the-time-of-our-life-treme-mother-in-law-lounge-set-to-close-after-19-years/>","https://wgno.com/news/louisiana/orleans-parish/had-the-time-of-our-life-treme-mother-in-law-lounge-set-to-close-after-19-years/","Adds the source for current status."
"places","municipal_auditorium_new_orleans","writeup","The city's Municipal Auditorium opened in 1930 beside Congo Square as an opera house, concert hall, arena and Carnival ballroom in one. Its history tracks segregation in New Orleans music: there were protests over balcony access for Marian Anderson's concert in 1940, Louis Jordan called from the stage for an integrated audience in 1948, and an integrated event was held in 1953. Louis Armstrong, Mahalia Jackson, Fats Domino and Elvis Presley all played here. Ernie K-Doe battled James Brown in 1962, jazz festivals in 1968 and 1969 led to the first Jazz and Heritage Festival in 1970, and George Clinton premiered the Mothership in 1976. Flooded in 2005, it has stood vacant since; repairs began in 2025.","https://nola.gov/next/mayors-office/news/articles/2025/september-2025/2025-09-22-municipal-auditorium/","A Closer Walk does not call the 1953 event the first integrated one; the city confirms the building has been closed since Katrina and that Phase I repairs started in 2025."
"places","municipal_auditorium_new_orleans","sources","A Closer Walk (WWOZ): Municipal Auditorium <https://acloserwalknola.com/places/municipal-auditorium/> | Wikipedia: Municipal Auditorium (New Orleans) <https://en.wikipedia.org/wiki/Municipal_Auditorium_(New_Orleans)> | City of New Orleans: Phase I construction at the Municipal Auditorium (2025) <https://nola.gov/next/mayors-office/news/articles/2025/september-2025/2025-09-22-municipal-auditorium/>","https://nola.gov/next/mayors-office/news/articles/2025/september-2025/2025-09-22-municipal-auditorium/","Adds the source for the post-Katrina closure and the 2025 repairs."
"places","ivanhoe_bourbon_street","year_end","1971","https://acloserwalknola.com/places/ivanhoe/","The club no longer exists (601 Bourbon is now the Old Opera House); no closing year was found, and 1971 is the last year a source documents the Ivanhoe operating."
"places","ivanhoe_bourbon_street","writeup","The Ivanhoe was a club at 601 Bourbon Street. Around 1967 Art Neville's band, the Neville Sound, was pared down to become its house group: Neville on organ, Leo Nocentelli on guitar, George Porter Jr. on bass and Joseph ""Zigaboo"" Modeliste on drums. Playing six nights a week, the four tightened into a rhythm section and worked out long, spare instrumental grooves that won a local following. Allen Toussaint made them his studio band, and in 1969, renamed the Meters, they put their first four singles on the Hot 100, built from material developed at the Ivanhoe. The Radiators later traced their start to a 1971 jam session here. The building is now a different bar.","https://acloserwalknola.com/places/ivanhoe/","64 Parishes says 1967 and A Closer Walk says ""around 1968"", so the date should not be stated flatly."
"places","candlelight_lounge","listen_2_label","Listen: ReBirth Jazz Band, Here to Stay: Live at the Grease Lounge, 1984 (Smithsonian Folkways)","https://folkways.si.edu/rebirth-jazz-band/here-to-stay-cd/jazz-ragtime/music/album/smithsonian","The 1984 recording made in this room is on Smithsonian Folkways and confirms the year_start; offered as a second link."
"places","candlelight_lounge","listen_2_url","https://folkways.si.edu/rebirth-jazz-band/here-to-stay-cd/jazz-ragtime/music/album/smithsonian","https://folkways.si.edu/rebirth-jazz-band/here-to-stay-cd/jazz-ragtime/music/album/smithsonian","Page loads with audio samples of the album recorded at the Grease Lounge."
"places","new_orleans_jazz_museum_old_mint","year_start","1983","https://www.vianolavie.org/2012/05/03/new-orleans-jazz-museum/","The jazz exhibit opened at the Mint in October 1983 (curator Don Marquis, cited by Via Nola Vie); 1977 was only the donation of the collection."
"places","new_orleans_jazz_museum_old_mint","writeup","The New Orleans Jazz Club, founded in 1948, opened a jazz museum at 1017 Dumaine Street in 1961. It moved to the Royal Sonesta Hotel in 1969 and to Conti Street in 1973, then ran into money trouble and went into storage. On September 15, 1977, the whole collection was given to the Louisiana State Museum, which was renovating the Old U.S. Mint on Esplanade Avenue. The Mint opened to the public in 1981, and the jazz exhibit opened there in October 1983, the start year used here. The holdings include Louis Armstrong's first cornet, about 4,000 78 rpm records and some 12,000 photographs. The building also has a performance hall on its third floor.","https://louisianastatemuseum.org/history-louisiana-state-museums","States the real opening year at the Mint (1983) and the 1981 opening of the building, in place of ""early 1980s""."
"places","new_orleans_jazz_museum_old_mint","sources","Louisiana State Museum: Jazz Collection <https://louisianastatemuseum.org/collections-jazz-collection> | A Closer Walk (WWOZ): New Orleans Jazz Museum at the Old U.S. Mint <https://acloserwalknola.com/places/new-orleans-jazz-museum-old-u-s-mint/> | Wikipedia: New Orleans Jazz Museum <https://en.wikipedia.org/wiki/New_Orleans_Jazz_Museum> | Via Nola Vie (Tulane): New Orleans Jazz Museum <https://www.vianolavie.org/2012/05/03/new-orleans-jazz-museum/> | Louisiana State Museum: History of Louisiana State Museums <https://louisianastatemuseum.org/history-louisiana-state-museums>","https://www.vianolavie.org/2012/05/03/new-orleans-jazz-museum/","Adds the sources for the 1983 exhibit opening and the 1981 opening of the Mint."
"places","buddy_bolden_house","writeup","Charles ""Buddy"" Bolden moved into this shotgun double on First Street in Central City in 1887, when he was ten, and lived here until 1906. These were the years in which he became the cornetist whom later players such as King Oliver and Louis Armstrong looked back to: his band came together around 1895, the start year used here, and worked Baptist church phrasing and dance hall blues into improvised dance music. After psychotic episodes and several arrests he was committed to the state hospital at Jackson in 1907 and died there in 1931. The house was landmarked in 1978. A church that bought it in 2008 was cited for neglect; PJ Morton's foundation has repaired it since 2023.","https://prcno.org/repairs-made-at-historic-buddy-bolden-house/","The neglect citations are confirmed (Syncopated Times: 2011 and 2014; PRC: several more), but ownership changed in 2023 and the house was repaired in 2024."
"places","buddy_bolden_house","listen_1_label","Watch: Visit troubled jazz pioneer Buddy Bolden's house in New Orleans (NOLA.com, YouTube, 2019)","https://www.youtube.com/oembed?url=https://www.youtube.com/watch?v=hr9N947AF7Y&format=json","Label now matches the video title and gives its date; it is a 59-second newspaper clip of the boarded-up house, made before the 2024 repairs."
"places","buddy_bolden_house","sources","A Closer Walk (WWOZ): Charles Buddy Bolden's House <https://acloserwalknola.com/places/buddy-boldens-house/> | 64 Parishes: Buddy Bolden <https://64parishes.org/entry/buddy-bolden> | The Syncopated Times: Buddy Bolden House In Danger Of Demolition By Neglect <https://syncopatedtimes.com/buddy-bolden-house/> | Preservation Resource Center of New Orleans: Repairs made at historic Buddy Bolden House (2024) <https://prcno.org/repairs-made-at-historic-buddy-bolden-house/>","https://prcno.org/repairs-made-at-historic-buddy-bolden-house/","Adds the source for the citations, the 2023 transfer and the 2024 repairs."
