"place_id","name","type","genre_id","other_genres","year_start","year_end","town","parish","lat","lon","out_of_state","writeup","listen_1_label","listen_1_url","listen_2_label","listen_2_url","sources"
"jm_recording_studio","J&M Recording Studio","studio","rnb","blues","1945","1956","New Orleans","Orleans","29.9620","-90.0669","","Cosimo Matassa was still a teenager when he put recording gear in a back room of his family's J&M Music Shop at North Rampart and Dumaine streets. The room measured about fifteen by sixteen feet, yet from the mid-1940s until Matassa moved to Governor Nicholls Street in 1956 it captured the sound that became rock and roll: Roy Brown's ""Good Rocking Tonight"" (1947), Fats Domino's ""The Fat Man"" (1949), Professor Longhair's ""Tipitina"" (1953) and Little Richard's ""Tutti Frutti"" (1955). The building, long a laundromat, still stands on the edge of the French Quarter.","","","","","64 Parishes: Cosimo Matassa <https://64parishes.org/entry/cosimo-matassa> | A Closer Walk: J&M Recording Studio <https://acloserwalknola.com/places/jm-recording-studio/> | Historical Marker Database: First Recording Studio of Cosimo Matassa <https://www.hmdb.org/m.asp?m=149066>"
"dew_drop_inn","Dew Drop Inn","venue","rnb","blues","1939","","New Orleans","Orleans","29.9369","-90.0916","","Barber Frank Painia opened the Dew Drop Inn at 2836 LaSalle Street in 1939 and added a nightclub in 1945. In segregated New Orleans it gave Black entertainers both a stage and a respectable place to sleep. Its floor shows drew Ray Charles, Big Joe Turner, Guitar Slim, Earl King, Allen Toussaint, Dave Bartholomew and James Booker, and Little Richard sang about the place. The music room went quiet around 1970 and Painia died in 1972. After decades of decline the building was restored and reopened in 2024 as a hotel and music venue.","","","","","64 Parishes: Dew Drop Inn <https://64parishes.org/entry/dew-drop-inn> | Wikipedia: Dew Drop Inn (New Orleans, Louisiana) <https://en.wikipedia.org/wiki/Dew_Drop_Inn_(New_Orleans,_Louisiana)>"
"blue_room_roosevelt_hotel","Blue Room, Roosevelt Hotel","venue","jazz","","1935","","New Orleans","Orleans","29.9542","-90.0722","","The Blue Room opened in the Roosevelt Hotel in 1935 and for decades was the city's premier supper club. Touring big bands led by Glenn Miller, Tommy Dorsey and Guy Lombardo played here, followed by singers such as Lena Horne, Sarah Vaughan, Frank Sinatra and Tony Bennett. Radio station WWL carried live broadcasts of the dance bands, so the room's sound reached listeners far beyond the hotel. It stopped operating as a supper club in 1989, closed after Hurricane Katrina in 2005, and returned when the restored Roosevelt reopened in 2009.","","","","","New Orleans Magazine: Feeling Blue (Seale Paterson, 2009) <https://www.myneworleans.com/feeling-blue/> | Wikipedia: The Roosevelt New Orleans <https://en.wikipedia.org/wiki/The_Roosevelt_New_Orleans>"
"preservation_hall","Preservation Hall","venue","jazz","brass","1961","","New Orleans","Orleans","29.9583","-90.0654","","In the 1950s Larry Borenstein let older jazz musicians hold informal sessions in his art gallery at 726 St. Peter Street. In 1961 Allan and Sandra Jaffe took over and turned the worn early-1800s building into Preservation Hall, a plain room with benches, no bar and no air conditioning, devoted to traditional New Orleans jazz. Players such as Sweet Emma Barrett, George Lewis, Punch Miller, and Billie and De De Pierce found steady work and new audiences there. Under Jim Crow it was a rare place where integrated bands and audiences shared a room. The touring Preservation Hall Jazz Band grew out of it.","Preservation Hall (official site)","https://preservationhall.com/about","","","64 Parishes: Preservation Hall <https://64parishes.org/entry/preservation-hall> | Preservation Hall: About <https://preservationhall.com/about>"
"fats_domino_house","Fats Domino's House","landmark","rnb","","1960","","New Orleans","Orleans","29.9623","-90.0156","","Antoine ""Fats"" Domino was born in New Orleans in 1928 and grew up in the Lower Ninth Ward. Even after his piano-driven records made him a star of early rock and roll, he preferred to stay in the old neighborhood, building a home at 1208 Caffin Avenue in the 1960s. The house became a neighborhood landmark and a sign of what a Black artist could achieve in the segregated South. Domino was rescued from it by boat during the flooding that followed Hurricane Katrina in 2005. He died in 2017. The restored house is closed to the public, and its street now also carries his name.","","","","","Explore Louisiana: Fats Domino's House <https://www.explorelouisiana.com/music/fats-dominos-house> | Profit and Delight: The House That Fats Domino Built <https://profitanddelight.substack.com/p/the-house-that-fats-domino-built>"
"angola_state_penitentiary","Louisiana State Penitentiary at Angola","institution","blues","","1933","","Angola","West Feliciana","30.9561","-91.5947","","In the summer of 1933 folklorist John Lomax and his son Alan brought a recording machine to the state prison farm at Angola, collecting African American songs for the Library of Congress. The warden pointed them to a prisoner named Huddie Ledbetter, known as Lead Belly. They returned in July 1934 with better equipment and recorded him again, including ""Irene,"" the song later famous as ""Goodnight Irene,"" ""The Midnight Special,"" and a plea addressed to Governor O.K. Allen. Lead Belly was released that August and went on to national fame. The sessions made Angola a landmark in the documentation of American folk music.","","","","","64 Parishes: Lead Belly <https://64parishes.org/entry/lead-belly> | National Endowment for the Humanities: Come Prepared to Travel, Bring Guitar <https://www.neh.gov/article/come-prepared-travel-bring-guitar> | Wikipedia: Louisiana State Penitentiary <https://en.wikipedia.org/wiki/Louisiana_State_Penitentiary>"
"temple_roof_garden","Temple Roof Garden (Prince Hall Masonic Temple)","venue","jazz","","1924","","Baton Rouge","East Baton Rouge","30.4479","-91.1755","","Built in 1924 for the Grand United Order of Odd Fellows, the four-story building at 1335 North Boulevard held the Temple Theatre and, on its top floor, a ballroom called the Temple Roof Garden. With no comparable hall open to them, Black Baton Rougeans and students from Southern University danced here to touring bands; people interviewed for the building's National Register nomination recalled Fats Waller, Duke Ellington, Louis Armstrong and Cab Calloway. A 1938 advertisement called it the finest dancing hall in the South. The Prince Hall Masons bought the building in 1948, and it was listed on the National Register in 1994.","","","","","National Park Service: National Register nomination, Prince Hall Masonic Temple <https://npgallery.nps.gov/GetAsset/fd7b1aff-b4b7-4a71-b1e2-91b01cdcb059> | Wikipedia: Prince Hall Masonic Temple (Baton Rouge, Louisiana) <https://en.wikipedia.org/wiki/Prince_Hall_Masonic_Temple_(Baton_Rouge,_Louisiana)>"
"slim_harpo_marker_mulatto_bend","Slim Harpo Marker and Mulatto Bend Cemetery","landmark","blues","","1924","","Port Allen","West Baton Rouge","30.5047","-91.2283","","James Moore, who recorded as Slim Harpo, was born in February 1924 at Lobdell in West Baton Rouge Parish. He worked as a longshoreman and construction laborer and played Baton Rouge bars before his recording career began in 1957 with ""I'm a King Bee."" ""Rainin' in My Heart"" (1961) and ""Baby Scratch My Back"" (1966) both reached the top five of the rhythm and blues chart, and the Rolling Stones, the Kinks and many others recorded his songs. He died in 1970 at age 46 and is buried beside his parents in Mulatto Bend Cemetery. A state historical marker stands at U.S. 190 and South Mulatto Bend Road.","","","","","West Baton Rouge Parish: James Slim Harpo Moore <https://wbrparish.org/277/James-Slim-Harpo-Moore> | Historical Marker Database: James Slim Harpo Moore <https://www.hmdb.org/m.asp?m=85007>"
"buddy_guy_birthplace","Buddy Guy Birthplace","birthplace","blues","","1936","","Lettsworth","Pointe Coupee","31.0101","-91.7362","","George ""Buddy"" Guy was born on July 30, 1936, in Lettsworth, a rural community in northern Pointe Coupee Parish, the son of a sharecropper. He absorbed the sounds of Louisiana players and of Mississippi bluesmen such as Muddy Waters and B.B. King, and in 1957 left Baton Rouge for Chicago, where he became a giant of electric blues guitar. A Mississippi Blues Trail marker was unveiled on December 8, 2018, beside Louisiana Highway 418 at Sharkles Place; its text says the family's house stood a short distance away. The highway through Lettsworth is now named Buddy Guy Way.","","","","","OffBeat Magazine: Buddy Guy Mississippi Blues Trail marker <https://offbeat.com/news/buddy-guy-mississippi-blues-trail> | Historical Marker Database: Buddy Guy <https://www.hmdb.org/m.asp?m=127700>"
"haneys_big_house","Haney's Big House","venue","rnb","blues","1940","1966","Ferriday","Concordia","31.6306","-91.5514","","William Haney, a World War I veteran and Black businessman, turned a 1930s barbecue stand in Ferriday into Haney's Big House, a nightclub with a dance floor, a motel for performers and even a bus ticket counter. At its peak from 1940 to 1966 it was a stop on the Chitlin' Circuit, hosting Ray Charles, B.B. King, Big Joe Turner, Roy Brown and Irma Thomas. A young Jerry Lee Lewis and his cousin Jimmy Swaggart listened from the sidewalk, then tried the music at the piano. The club burned in 1966 and was not rebuilt. A Blues Trail marker at North First and Greathouse streets tells the story.","","","","","64 Parishes: William Haney and Haney's Big House <https://64parishes.org/entry/william-haney-and-haneys-big-house> | Explore Louisiana: Haney's Big House <https://www.explorelouisiana.com/music/haneys-big-house> | Historical Marker Database: Haney's Big House <https://www.hmdb.org/m.asp?m=119690>"
"miller_roy_building_savoy_ballroom","Miller-Roy Building and Savoy Ballroom","venue","jazz","blues;rnb","1929","","Monroe","Ouachita","32.5069","-92.1094","","Two Black physicians, J.T. Miller and J.C. Roy, built this three-story block at DeSiard and Tenth streets in 1929 as a home for African American business in segregated Monroe. Offices, a pharmacy and a newspaper filled the lower floors, and the third floor was the Savoy Ballroom, a Chitlin' Circuit stop that brought Louis Armstrong, Lena Horne, Billie Holiday and later Otis Redding and Percy Sledge to northeast Louisiana. The building was eventually condemned and approved for demolition, but it was listed on the National Register in 2011 and has since been renovated as apartments with community space.","","","","","64 Parishes: Monroe's Miller-Roy Building <https://64parishes.org/monroes-miller-roy-building>"
"calanthean_temple","Calanthean Temple","venue","jazz","blues;rnb","1923","","Shreveport","Caddo","32.5051","-93.7532","","The Grand Court Order of Calanthe, a Black women's fraternal organization led by Cora Murdock Allen, completed this four-story building on Texas Avenue in 1923. It held offices for Black doctors, dentists and lawyers, and its rooftop garden became a leading dance spot for African Americans in Jim Crow Shreveport. Duke Ellington, Louis Armstrong, Jelly Roll Morton, Cab Calloway and Louis Jordan are among those reported to have played there, and touring musicians came up for late jam sessions after their engagements at segregated venues. The roof garden's heyday was the 1930s and 1940s. The long-neglected building is now part of the Shreveport Common revitalization effort.","","","","","64 Parishes: Music in the Court of Calanthe <https://64parishes.org/music-in-the-court-of-calanthe> | Downtown Shreveport: Calanthean Temple, rooftop dances and legendary musicians <https://downtownshreveport.com/featured/calanthean-temple-rooftop-dances-and-legendary-musicians/>"
"shreveport_municipal_auditorium","Shreveport Municipal Auditorium (Louisiana Hayride)","venue","country","rnb","1948","","Shreveport","Caddo","32.5079","-93.7530","","From April 1948 until 1960 the Art Deco Municipal Auditorium was home to the Louisiana Hayride, a Saturday night barn dance sent out over Shreveport's 50,000-watt station KWKH. The show earned the nickname ""Cradle of the Stars"" because so many performers rose from its stage to national fame: Hank Williams first, then Webb Pierce, Slim Whitman, Jim Reeves, Johnny Cash, Johnny Horton and, beginning in 1954, a young Elvis Presley, whose mix of country, gospel and rhythm and blues pointed toward rock and roll. The building, constructed between 1926 and 1929, was named a National Historic Landmark in 2008.","","","","","64 Parishes: Louisiana Hayride <https://64parishes.org/entry/louisiana-hayride> | Wikipedia: Shreveport Municipal Memorial Auditorium <https://en.wikipedia.org/wiki/Shreveport_Municipal_Auditorium> | Visit Shreveport-Bossier: Five places where music history was made <https://www.visitshreveportbossier.org/blog/post/five-places-where-music-history-was-made-in-shreveport-bossier/>"
"goldband_records","Goldband Records","studio","cajun","zydeco;swamp_pop;rnb;country","1945","2017","Lake Charles","Calcasieu","30.2367","-93.2164","","Eddie Shuler, a Texas-born guitarist who came to Lake Charles in the early 1940s, started Goldband in 1945 to record his own band and soon turned to the musicians around him. The complex on Church Street held a studio, production rooms and a record shop. Its catalog ran from Iry LeJeune's Cajun accordion to Boozoo Chavis's ""Paper in My Shoe"" (1954), Phil Phillips's swamp pop hit ""Sea of Love"" (1959) and the first record by a thirteen-year-old Dolly Parton. When Shuler died in 2005 Goldband was described as the country's longest-established independent label. The complex was demolished in 2017; a historical marker stands on Church Street.","","","","","64 Parishes: Goldband Records <https://64parishes.org/entry/goldband-records> | Read the Plaque: Goldband Studios <https://readtheplaque.com/plaque/goldband-studios> | Historical Marker Database: Goldband Studio <https://www.hmdb.org/m.asp?m=116634>"
"jd_miller_studio_crowley","J.D. Miller Recording Studio (museum at Crowley City Hall)","studio","blues","swamp_pop;cajun;zydeco;country","1947","","Crowley","Acadia","30.2128","-92.3729","","J.D. Miller set up his first simple recording room in Crowley in 1947 and went on to record nearly every style heard in south Louisiana: Cajun, country, zydeco, swamp pop and, above all, swamp blues. From 1957 he licensed sides by Lightnin' Slim, Slim Harpo and others to Excello Records, giving the rest of the country its idea of the Louisiana blues sound. The legacy is mixed, since in the 1960s Miller also issued openly racist records. His MasterTrak studio, built in 1967, later hosted John Fogerty and Paul Simon. A museum of his studio equipment is inside Crowley City Hall, which is the point mapped here.","","","","","64 Parishes: J. D. Miller's Recording Studios <https://64parishes.org/entry/j-d-millers-recording-studios> | Explore Louisiana: Crowley City Hall, Historic Ford Building <https://www.explorelouisiana.com/historic-districts-sites/crowley-city-hall-historic-ford-building> | Heart of Louisiana: Crowley Museum <https://heartoflouisiana.com/crowley-museum/>"
"floyds_record_shop","Floyd's Record Shop (Swallow and Jin Records)","institution","swamp_pop","cajun;zydeco","1956","","Ville Platte","Evangeline","30.6819","-92.2750","","Floyd Soileau began selling records in 1956 from a small room at radio station KVPI, where he hosted a Cajun music show, and by 1958 had launched two labels: Swallow for Cajun music and Jin for the rock-and-roll-flavored style later called swamp pop. Jin scored with Rod Bernard's ""This Should Go On Forever,"" Joe Barry's ""I'm a Fool to Care"" and Tommy McLain's ""Sweet Dreams,"" while Swallow's 1965 Balfa Brothers album helped spark the Cajun revival. The longtime East Main Street store closed in 2012; a smaller shop reopened in 2016 on South Chataignier Street, which is the point mapped here.","Flat Town Music Company (official label site)","https://flattownmusic.com/history/","","","Flat Town Music Company: Our History <https://flattownmusic.com/history/> | OffBeat Magazine: Floyd's Record Shop is back <https://offbeat.com/articles/floyds-record-shop-back> | Wikipedia: Floyd Soileau <https://en.wikipedia.org/wiki/Floyd_Soileau>"
"freds_lounge","Fred's Lounge","venue","cajun","","1946","","Mamou","Evangeline","30.6309","-92.4195","","Alfred ""Fred"" Tate bought a bar on Mamou's Sixth Street on November 20, 1946, and it became a small-town headquarters for the Cajun revival. Tate and his friends Revon Reed and Paul Tate used it to help bring back Mamou's Courir de Mardi Gras, and in 1962 Reed started a live Saturday morning radio show from the lounge, broadcast in Louisiana French over KVPI in Ville Platte. The show has continued ever since. After Fred died in 1992, Sue Vasseur, known as Tante Sue, kept the lounge going. It opens only on Saturday mornings for most of the year, with a Cajun band and dancing from nine o'clock.","","","","","Lafayette Travel: Fred's in Mamou <https://lafayettetravel.com/motorcycle/freds-in-mamou> | Wikipedia: Fred's Lounge <https://en.wikipedia.org/wiki/Fred%27s_Lounge>"
"slims_y_ki_ki","Slim's Y-Ki-Ki","venue","zydeco","","1947","2016","Opelousas","St. Landry","30.5558","-92.0742","","Arnold ""Slim"" Gradney and his wife Irene Pratt Gradney ran this dance hall on the highway north of Opelousas, one of the first clubs where zydeco took shape. The usual founding date is 1947, although license records suggest the Y-Ki-Ki name, a nod to Slim's interest in Hawaii, was adopted around 1960. Clifton Chenier, John Delafose, Rockin' Sidney, Beau Jocque and later Keith Frank filled the floor with dancers. The Gradneys' son Tony closed the club in 2016, citing rising band fees and unruly crowds. A local zydeco preservation society has since been working toward restoring the building.","","","","","Acadiana Historical: Slim's Y-Ki-Ki, Zydeco's Highs and Lows in Opelousas <https://acadianahistorical.org/items/show/234> | The Independent (Lafayette): on the closing of Slim's Y-Ki-Ki <https://theind.com/articles/22530/> | St. Landry Now: Zydeco History Unfolds Downtown <https://www.stlandrynow.com/uncategorized/zydeco-history-unfolds-downtown/>"
"richards_club","Richard's Club","venue","zydeco","rnb;blues","1947","2017","Lawtell","St. Landry","30.5235","-92.1579","","Eddie Richard opened this wooden roadhouse on U.S. 190 in Lawtell in 1947. In the 1950s it booked touring rhythm and blues acts such as B.B. King, Big Joe Turner and Jimmy Reed. After Richard began hiring Clifton Chenier it became the best-known zydeco dance hall anywhere, nicknamed the Grand Ole Opry of zydeco. Boozoo Chavis recorded a comeback album there in 1989, and John Delafose suffered a fatal heart attack on its stage in 1994. Eddie's son Kermon ran it from 1979 until his death in 2004. It closed as Richard's in 2006, later reopened as Miller's Zydeco Hall of Fame, and burned in 2017.","","","","","OffBeat Magazine: Zydeco's Grand Ole Opry <https://www.offbeat.com/articles/zydecos-grand-ole-opry> | Wikipedia: Richard's Club <https://en.wikipedia.org/wiki/Richard%27s_Club>"
"la_poussiere","La Poussière","venue","cajun","zydeco","1955","","Breaux Bridge","St. Martin","30.2784","-91.8896","","La Poussière, French for ""the dust,"" is a Cajun dance hall that the Patin family opened in Breaux Bridge in 1955. When the highway department took the original site for a right-of-way, the club moved across the road to the red brick building it occupies today. Lawrence Patin, who started managing it at eighteen, has kept it going for more than half a century. Long devoted to Cajun bands alone, it has recently added zydeco, and it remains one of the few old Louisiana dance halls still standing, with live music every weekend.","","","","","Heart of Louisiana: La Poussiere <https://heartoflouisiana.com/la-poussiere/> | Country Roads Magazine: Let's Go Dancin', the evolution of Louisiana French music venues <https://countryroadsmagazine.com/art-and-culture/music/let-s-go-dancin-the-evolution-of-louisiana-french-music-venu/>"
